Workbook

Sheet SUS Scores
A1: Faisa Sheikahmed
A3: 46126
A5: Amanda - SUS Usability Testing Tracker
A6: Enter each participant's answers (1–5). Scores calculate automatically.
A7: Participant | B7: Age | C7: Gender | D7: Q1 Use frequently | E7: Q2 Unnecessarily complex | F7: Q3 Easy to use | G7: Q4 Need support | H7: Q5 Functions integrated | I7: Q6 Too inconsistent | J7: Q7 Others learn quickly | K7: Q8 Tiring to use | L7: Q9 Felt confident | M7: Q10 Needed to learn first | N7: SUS Score | O7: Grade
A8: ← Participant info | D8: score − 1 | E8: 5 − score | F8: score − 1 | G8: 5 − score | H8: score − 1 | I8: 5 − score | J8: score − 1 | K8: 5 − score | L8: score − 1 | M8: 5 − score
A9: Participant 1 | B9: 22 | C9: F | D9: 3 | E9: 1.5 | F9: 4 | G9: 1 | H9: 5 | I9: 1 | J9: 5 | K9: 1 | L9: 4 | M9: 1 | N9: =IF(COUNTA(D9:M9)<10,"—",((D9-1)+(5-E9)+(F9-1)+(5-G9)+(H9-1)+(5-I9)+(J9-1)+(5-K9)+(L9-1)+(5-M9))*2.5) -> 88.75 | O9: =IF(N9="—","Incomplete",IF(N9>=80,"Excellent",IF(N9>=68,"Above average","Needs work"))) -> Excellent
A10: Participant 2 | B10: 22 | C10: F | D10: 2 | E10: 2 | F10: 4 | G10: 5 | H10: 5 | I10: 3 | J10: 3 | K10: 2 | L10: 3 | M10: 2 | N10: =IF(COUNTA(D10:M10)<10,"—",((D10-1)+(5-E10)+(F10-1)+(5-G10)+(H10-1)+(5-I10)+(J10-1)+(5-K10)+(L10-1)+(5-M10))*2.5) -> 57.5 | O10: =IF(N10="—","Incomplete",IF(N10>=80,"Excellent",IF(N10>=68,"Above average","Needs work"))) -> Needs work
A11: Participant 3 | B11: 21 | C11: M | D11: 2 | E11: 1 | F11: 4 | G11: 1 | H11: 4 | I11: 1 | J11: 3 | K11: 4 | L11: 5 | M11: 1 | N11: =IF(COUNTA(D11:M11)<10,"-",((D11-1)+(5-E11)+(F11-1)+(5-G11)+(H11-1)+(5-I11)+(J11-1)+(5-K11)+(L11-1)+(5-M11))*2.5) -> 75 | O11: =IF(N11="—","Incomplete",IF(N11>=80,"Excellent",IF(N11>=68,"Above average","Needs work"))) -> Above average
A12: Participant 4 | B12: 20 | C12: M | D12: 3 | E12: 2 | F12: 4 | G12: 1 | H12: 5 | I12: 1 | J12: 5 | K12: 1 | L12: 4 | M12: 1 | N12: =IF(COUNTA(D12:M12)<10,"—",((D12-1)+(5-E12)+(F12-1)+(5-G12)+(H12-1)+(5-I12)+(J12-1)+(5-K12)+(L12-1)+(5-M12))*2.5) -> 87.5 | O12: =IF(N12="—","Incomplete",IF(N12>=80,"Excellent",IF(N12>=68,"Above average","Needs work"))) -> Excellent
A13: Participant 5 | B13: 22 | C13: M | D13: 3.5 | E13: 1 | F13: 4 | G13: 2 | H13: 3 | I13: 1 | J13: 4 | K13: 2 | L13: 4 | M13: 2 | N13: =IF(COUNTA(D13:M13)<10,"—",((D13-1)+(5-E13)+(F13-1)+(5-G13)+(H13-1)+(5-I13)+(J13-1)+(5-K13)+(L13-1)+(5-M13))*2.5) -> 76.25 | O13: =IF(N13="—","Incomplete",IF(N13>=80,"Excellent",IF(N13>=68,"Above average","Needs work"))) -> Above average
A14: Participant 6 | B14: 21 | C14: M | D14: 3 | E14: 1 | F14: 4.5 | G14: 2 | H14: 3.5 | I14: 2 | J14: 4 | K14: 1 | L14: 4 | M14: 1.5 | N14: =IF(COUNTA(D14:M14)<10,"—",((D14-1)+(5-E14)+(F14-1)+(5-G14)+(H14-1)+(5-I14)+(J14-1)+(5-K14)+(L14-1)+(5-M14))*2.5) -> 78.75 | O14: =IF(N14="—","Incomplete",IF(N14>=80,"Excellent",IF(N14>=68,"Above average","Needs work"))) -> Above average
A15: Participant 7 | B15: 21 | C15: F | D15: 3 | E15: 2 | F15: 4 | G15: 2 | H15: 3 | I15: 1 | J15: 3 | K15: 2 | L15: 4 | M15: 3 | N15: =IF(COUNTA(D15:M15)<10,"—",((D15-1)+(5-E15)+(F15-1)+(5-G15)+(H15-1)+(5-I15)+(J15-1)+(5-K15)+(L15-1)+(5-M15))*2.5) -> 67.5 | O15: =IF(N15="—","Incomplete",IF(N15>=80,"Excellent",IF(N15>=68,"Above average","Needs work"))) -> Needs work
A16: AVERAGE SUS SCORE | N16: =IFERROR(AVERAGE(N9:N15),"—") -> 75.892857 | O16: =IF(N16="-","-",IF(N16>=80,"Excellent",IF(N16>=68,"Above average","Needs work"))) -> Above average
A18: Colours: | B18: Odd questions: score - 1 | D18: Even questions: 5 - score | F18: Excellent (80+) | H18: Above average (68–79) | J18: Needs work (<68)

Sheet Formula Explained
A1: How the SUS Score is Calculated
A2: The System Usability Scale (SUS) - Brooke, 1996. 10 questions, 1–5 scale. Final score is 0–100.
A3: Question | B3: How to adjust | C3: Why
A4: Q1 - I would use this frequently | B4: Answer − 1 | C4: Positive question -> higher = better
A5: Q2 - Unnecessarily complex | B5: 5 − Answer | C5: Negative question -> higher = worse, so flip it
A6: Q3 - Easy to use | B6: Answer − 1 | C6: Positive question
A7: Q4 - I'd need support to use it | B7: 5 − Answer | C7: Negative question
A8: Q5 - Functions well integrated | B8: Answer − 1 | C8: Positive question
A9: Q6 - Too much inconsistency | B9: 5 − Answer | C9: Negative question
A10: Q7 - Most people learn it quickly | B10: Answer − 1 | C10: Positive question
A11: Q8 - Tiring to use | B11: 5 − Answer | C11: Negative question
A12: Q9 - I felt confident using it | B12: Answer − 1 | C12: Positive question
A13: Q10 - I needed to learn a lot first | B13: 5 − Answer | C13: Negative question
A16: Score benchmarks
A17: 80 – 100 | B17: Excellent
A18: 68 – 79 | B18: Above average
A19: 51 – 67 | B19: Below average
A20: 0 – 50 | B20: Poor — needs work

Sheet Session Notes
A1: Session Observation Notes
A2: Participant | B2: T1 - Onboarding | C2: T2 - Voice chat | D2: T3 - Profile | E2: T4 - Switch mode | F2: T5 - History | G2: SUS Score (auto from sheet 1)
B3: Pass / Fail Hesitations Quotes | C3: Pass / Fail Hesitations Quotes | D3: Pass / Fail Hesitations Quotes | E3: Pass / Fail Hesitations Quotes | F3: Pass / Fail Hesitations Quotes
A4: Participant 1 | B4: Fail: Struggled to scroll the disclaimer as no scroll indicator was visible. Prompted to suggest a password view toggle: "to make a button to view the password that was typed." After signing up, a login modal appeared unexpectedly: "I already signed in, so I shouldn't be prompted to sign in again." Tapped Maybe Later expecting to reach the chat. Confused by the voice animation dominating the screen: "The voice indicator takes up a lot of space on the screen, making me think that I can only talk to it, not type." | C4: Pass: Located the voice button without hesitation. Frustrated by Amanda's 20-second response time with no visual feedback: "Nothing shows up on the screen to show that it heard what I said, making me think something might have gone wrong." Second attempt was faster. "Pretty easy to navigate from text to voice, the voice button was recognisable." | D4: Pass: Found the hamburger menu and profile panel without difficulty. Noted the email displaying instead of name: "The email should be updated to my name, seems more personable." Edited name successfully: "Easy to do." Queried the wording of the personalisation section: "Because it's under my account, I would think it's personalising my account, not the AI. Maybe the wording could be changed." Attempted to swipe the page indicator rather than tapping Continue. Positive about the mood and goal sections: "I like that there are different things to talk about with Amanda. I like that you don't have to have an issue to talk to her. I like the goal section, it gives a positive tone to my situation." | E4: Pass: Switched back to typing without difficulty: "That was easy to do as well. The type button was clearly labelled and I could carry on my conversation." | F4: Pass: Used the hamburger icon to navigate to chat history. Found and searched previous chats easily: "I like that I can use just one word and the chat would come up." | G4: ='SUS Scores'!N9 -> 88.75
A5: Participant 2 | B5: Fail: Account creation navigation was easy. Found password requirements frustrating: "Always find it annoying when there are a lot of rules for a password. Less requirements would be better." Frustrated by the email verification token process: "Very annoying that I need to go to the terminal to find the token. That makes the process so long, and I don't think people with a short attention span would continue." Positive about personalisation questions and visual design: "Really like the colour scheme and minimalism." Login modal appeared after sign-up: "This is annoying as I've already signed up, it was already a long process. Where did my sign up go?" Clicked Maybe Later, returned to home, then hit the disclaimer again: "Should be enough to get the disclaimer once, not every time." Noted the first chat page felt cluttered and voice chat instructions were unclear. | C5: Pass: Initially confused about typing being disabled in voice mode. After 3 seconds located the type button: "Oh there is a type button at the top. Good place to find it, to be honest." | D5: Pass: Attempted to swipe open the navbar, nothing happened: "Usually the navbar should show up when swiped." Used hamburger menu instead. Found theme toggle and suggested clearer icons: "Better with moon and sun instead." Navigated directly to edit profile and changed name and personalisation. Questioned the purpose of personalisation: "Didn't understand the point of personalisation - does it make a difference if I click relationships but talk about grief in the chat?" | E5: User spoke with amanda and changed to typing. User said "It worked. its fine" | F5: Navigated to hamburger and found previous conversation. Started scrolling through previous convos. "Quite easy to find previous convos" | G5: ='SUS Scores'!N10 -> 57.5
A6: Participant 3 | B6: FAIL: Struggled with disclaimer scroll, no indicator visible: "Kind of stupid, because there is no indicator that you have to scroll." Account creation itself was easy. Wanted to select multiple tones for Amanda: "I feel like you should pick more than one tone for Amanda. I could want several tones at one time." Login modal appeared after sign-up: "Quite annoying, I just created an account. I'm confused." Clicked Maybe Later and entered a loop, being redirected back each time: "I'd rather click maybe later because creating an account is long, but maybe later just takes me on a loop." Eventually reached the chat: "Very nice and warming." Noted the voice/text toggle needed a clearer indicator: "Maybe add an indicator for what it does, was a bit confusing." | C6: PASS: Navigated to voice chat without difficulty. Slightly unsure how to begin speaking. Suggested a visual listening indicator: "Usually when you press the logo it should show an indicator showing it's listening - something more animated like a sound animation showing the user it's listening." | D6: PASS: Found hamburger menu, edit profile, and personalisation section with no issues: "Very easy." Suggested allowing custom goal input: "We should be able to put our own custom goal. Personally this limits the user because if they don't have their goals listed it feels like it doesn't accommodate them." | E6: PASS: Switched between voice and chat without difficulty: "Easy, all I had to do was press the button at the top right." | F6: PASS: Used hamburger menu and found history easily. | G6: ='SUS Scores'!N11 -> 75
A7: Participant 4 | B7: FAIL: Initially confused by the disclaimer not responding: "I'm having issues, it's not responding. It's frustrating." Once resolved said: "It was kind of good though, it made me read it." Found the verification token too long: "It's way too long, should be a shorter code." Positive about personalisation: "It's very clear and straight to the point. I like the selection of options, but maybe some more can be added." Login modal appeared after sign-up: "It didn't even register that I logged in and now I have to do it again, quite frustrating." Reached the chat and preferred typing as default: "I think typing should be default. It's too long that I have to speak right away." Noted the chat text was small and dark: "Small dark text, harder to navigate. Definitely making it brighter, change the font and writing." | C7: PASS: Navigated to voice chat successfully. Could tell Amanda was processing. Noted response time was slow: "Slow paced, it took some time before I could speak." | D7: PASS: Used hamburger menu and found profile easily: "That was easy, good user interface." | E7: PASS: Switched without difficulty: "That was pretty straightforward." Suggested the process for cancelling voice and switching to typing could be more accessible. | F7: PASS:Used hamburger menu and found history: "Pretty straightforward." | G7: ='SUS Scores'!N12 -> 87.5
A8: Participant 5 | B8: FAIL: Struggled with the disclaimer: "I can't get past the disclaimer." Account creation felt easy: "Creating an account is easy and straightforward." Found the token too long: "Looks quite long, perhaps maybe 16 characters max." Login modal appeared after sign-up: "I thought I created an account but it's telling me to login again. I'll log in and see if my credentials worked." Reached the chat and found it user friendly overall. Confused by the voice animation: "I didn't understand at first that this is for voice chat." Asked whether typing was possible. Preferred typing as default: "If I wasn't comfortable speaking I would rather have typing as the first option." | C8: PASS: Found voice chat positively: "The voice chat is cool." Felt the text buffering was overwhelming: "It buffers, then prints the whole message at once, which can feel overwhelming." Found the type button but noted its position: "It would be easier if it was at the bottom as it was quite hard to see at first." | D8: PASS: Used hamburger navbar and found account section at the bottom. Edited name and personalisation without issues: "Was very easy, straightforward, no issues." | E8: FAIL: Switched to typing but felt the conversation context was lost: "When I went from voice chat to chat it felt like it forgot what I asked. Made me feel not sure what to think — the therapist is dismissing my request." | F8: PASS: Found previous chats via hamburger navbar. Noted that voice chat sessions did not appear in chat history: "I realised that my voice chat was no longer a part of my previous chat." | G8: ='SUS Scores'!N13 -> 76.25
A9: Participant 6 | B9: PASS WITH DIFFICULTY: Account creation felt simple: "Looks pretty simple." Login modal appeared after sign-up: "Why did it ask me to log in again? I'm stressing out, what's this." Logged in successfully. Reached the chat and was initially confused by the conversation starters: "I didn't know the suggested conversation starters were options to start chatting to Amanda." Once understood, found messaging familiar: "Creating an account was fairly easy. Sending a message is something I'm familiar with from ChatGPT so it was easy." | C9: PASS: Clicked the voice button and started speaking. Triggered the crisis disclaimer. Found it helpful but noted Amanda spoke too continuously: "The AI talks too much. The voice chat talks so continuously without pausing that I lose interest." | D9: PASS: Used the chat navbar and profile panel button. Changed name and preferences without issues: "Very nice." | E9: PASS: Located the typing button and continued the conversation: "Very easy, but I would prefer the typing option being next to the voice chat rather than in the top right. The button in the top right was too small." | F9: PASS: Found previous conversations via the chat navbar: "Really easy, just two clicks." | G9: ='SUS Scores'!N14 -> 78.75
A10: Participant 7 | B10: FAIL: Positive about the disclaimer design: "I like that it states that it is not misleading and clearly states that this is not a substitute." Appreciated being forced to read it: "Oh I like this, you force me to read it without just clicking past it." Clicked Maybe Later and entered a redirect loop, eventually understood account creation was required: "Oh I'm being forced to make an account." Positive about the personalisation questions: "Really nice that it wants to get to know me. I would get the same questions if I was in actual therapy." Login modal appeared: "Makes me log in again. I already created an account, so what's going on? I shouldn't be asked to log in again. If my attention span was short I would have just left." Reached the chat and appreciated the colour scheme: "Very girly colours, I love it because I'm a girl myself." Confused about where to type: "I don't like to speak to the AI, I like to type, so this was a bit confusing. I eventually found the typing button but it should be at the bottom like where the keyboard usually is." | C10: PASS WITH DIFFICULTY: Initially tapped the transcription button instead of the voice chat button. Identified both buttons and selected the correct one. Suggested an in-app tutorial for first-time users. Positive about Amanda's responses but noted the voice felt robotic: "I like her responses, but her voice sounded very AI. It was like speaking to a robot. I like the fact that the AI gave me a solution." | D10: PASS: Navigated to profile panel and edited name and personalisation without difficulty. Suggested renaming the personalisation section: "The personalisation should maybe be changed to preferences." | E10: PASS: Continued the conversation and Amanda retained context successfully. Entered a concerning message and noted a gap in the crisis response: "The AI is comforting but it doesn't redirect me to a website or a number, which is a bit confusing. A real therapy session would have alerted the police or redirected me straight to help." | F10: PASS: Found the chat sidebar quickly: "Very clear and easy to find. I like the fact that it doesn't delete my conversations." | G10: ='SUS Scores'!N15 -> 67.5

Sheet Debrief Notes
A1: Amanda - Post-Session Debrief Notes
A2: Ask these 4 questions verbally after the SUS questionnaire. Write answers word for word where possible.
A3: Questions to ask | B3: Q1 | C3: Q2 | D3: Q3 | E3: Q4
B4: What confused or frustrated you? | C4: What did you really like? | D4: If you could change one thing? | E4: Did Amanda feel natural or awkward?
A6: Participant | B6: Q1 — Confused / frustrated? | C6: Q2 — What they liked? | D6: Q3 — One thing to change? | E6: Q4 — Natural or awkward? | F6: Key insight for report
A7: Participant 1 | B7: Dislcaimer was confusing to scroll. Another confusion would be getting that login prompt right after creating an account. Trying to find the type button when I FIRST saw the chat page. | C7: The personalisation aspect and the My Journey feature. "That could be used if they then go to a medical professional. They have the logs there." | D7: Remove the Maybe Later button from the login modal as it is misleading. Show the disclaimer once only, not on every visit. Default to text first rather than voice | E7: Felt natural. "She sounds understanding whenever I say something and provides a question to carry on the conversation." | F7: Disclaimer and post sign-up login loop are the two biggest friction points. Typing should be the default entry point.
A8: Participant 2 | B8: Sign-up process felt very long. Email verification was too complex for non-technical users. Personalisation felt vague and disconnected from the actual conversation with Amanda. | C8: Colour scheme and fonts. "Not too many buttons which is good." | D8: Simplify or remove the verification process. Reconsider the Amanda avatar. Move personalisation out of the onboarding flow. | E8: Slightly awkward. "In the end it feels like a robot talking to you." | F8: Verification process is a major drop-off risk for non-technical users. Personalisation needs to feel more purposeful and connect visibly to Amanda's responses.
A9: Participant 3 | B9: The Maybe Later loop was very confusing. Voice chat has no listening indicator. Voice message history is not saved. "What if I want to go back and see my advice." | C9: Colour scheme. Ability to switch between typing and voice. Easy navigation overall. "Everything is organised, you find it easily in the profile panel." | D9: Add a visual listening indicator to voice chat. Save voice chat history. Fix the Maybe Later loop. | E9: Felt natural. "To the point where it's still AI but it's a new type of AI we are not used to. It does speak and form sentences like a human." | F9: Missing voice chat history is a trust issue, not just a usability issue. Users feel unheard if their session disappears.
A10: Participant 4 | B10: Landing in voice chat by default was distressing. "I feel like it might distress someone that is already mentally disturbed." Being logged out after sign-up was very frustrating. | C10: Amanda's tone and emotional understanding. Clean UI. Colour scheme felt inviting. Personalisation built a sense of connection before the conversation. | D10: Add an interest or hobby field so Amanda can suggest more personalised solutions. | E10: Felt natural. "Very understanding and emotionally understanding. She speaks like a human." | F10: Defaulting to voice chat is not just a usability problem - for vulnerable users it could be distressing. Typing must be the default.
A11: Participant 5 | B11: Could not find the typing option easily. Stressed to discover voice chat history was not saved. Chat bubble colours for user and Amanda were too similar making it hard to distinguish who said what. | C11: Account creation was smooth. Dashboard was easy to navigate. Onboarding felt quick. | D11: Make the type button more prominent or always visible. Add a voice icon indicator next to the voice feature. Differentiate chat bubble colours between user and Amanda. | E11: Mostly fine but formatting felt slightly robotic. "I wish it was more humane." | F11: Chat bubble colour distinction is a clear accessibility issue affecting readability for all users
A12: Participant 6 | B12: Crisis detection banner would not dismiss. "If I've already gotten a solution to my problem it would be like a reminder giving me PTSD." Login redirect after sign-up was confusing. | C12: Amanda's voice. Colour scheme. "Pleasing to the eye, nice contrast." | D12: Amanda's responses should be shorter and more meaningful. "Quality over quantity." | E12: Awkward at first but became more natural over time. "The more you use something the more you get used to it." | F12: The crisis banner needs a dismiss option. Persistent banners feel intrusive rather than supportive, especially once the user has moved on.
A13: Participant 7 | B13: Should have been logged in automatically after registration. Took a while to find the typing option. Crisis response did not redirect to actual help resources. | C13: The concept and the gap it fills. "It bridges an important gap." User-friendly navigation bar. | D13: Fix the login flow. Move the typing button to the bottom where the keyboard normally appears. Rename personalisation to preferences. Add crisis redirect links to real help resources. | E13: In the middle. Comforting but not always directly answering questions. "The reason I use AI therapy is to get quick answers. She's nice and comforting but the voice chat sounded AI." | F13: Crisis response is flagged as a safety gap, not just a usability issue. Users in distress expect to be redirected to real resources immediately.
A14: PATTERNS & THEMES - After all sessions, summarise the most common answers below
B15: Most common frustration | C15: Most liked feature | D15: Most requested change | E15: Overall feel (natural / awkward) | F15: Report recommendation
A16: Summary | B16: Every single participant was frustrated by the login modal appearing after sign-up. Six out of seven also struggled with the disclaimer scroll and the Maybe Later redirect loop. These two issues affected 100% of testers and are the highest priority fixes. | C16: The colour scheme and overall visual design were praised by nearly every participant. Amanda's tone, emotional understanding, and the personalisation flow were also consistently positive highlights. | D16: Default to typing instead of voice on first load. Fix the post sign-up login flow so users are not asked to log in again after registering. Make the typing button larger and move it closer to the bottom of the screen. | E16: Most participants felt Amanda was natural or became natural over time. The main concern was response quality. Answers sometimes felt long, repetitive, or robotic rather than concise and human. Voice chat specifically felt more AI-like than text. | F16: Three changes should be implemented before the next round of testing. First, remove or redesign the post sign-up login modal so users land directly in the app after registering. Second, default the chat interface to typing rather than voice. Third, make voice chat history persistent so sessions are saved alongside text conversations. These three fixes directly address the most frequent and most severe issues raised across all seven participants.
